<?xml version="1.0" encoding="UTF-8"?>
<?mso-application progid="Excel.Sheet"?>
<Workbook xmlns="urn:schemas-microsoft-com:office:spreadsheet"
xmlns:o="urn:schemas-microsoft-com:office:office"
xmlns:x="urn:schemas-microsoft-com:office:excel"
xmlns:ss="urn:schemas-microsoft-com:office:spreadsheet"
xmlns:html="http://www.w3.org/TR/REC-html40">
<Worksheet ss:Name="Table1">
	<Table>
		<Column ss:Index="2" ss:AutoFitWidth="0" ss:Width="110"/>
		<Column ss:Index="3" ss:AutoFitWidth="0" ss:Width="110"/>
		<Column ss:Index="4" ss:AutoFitWidth="0" ss:Width="110"/>
		<Column ss:Index="5" ss:AutoFitWidth="0" ss:Width="110"/>
		<Column ss:Index="6" ss:AutoFitWidth="0" ss:Width="110"/>
		<Column ss:Index="7" ss:AutoFitWidth="0" ss:Width="110"/>
		<Column ss:Index="8" ss:AutoFitWidth="0" ss:Width="110"/>
		<Column ss:Index="9" ss:AutoFitWidth="0" ss:Width="110"/>
		<Column ss:Index="10" ss:AutoFitWidth="0" ss:Width="110"/>
		<Column ss:Index="11" ss:AutoFitWidth="0" ss:Width="110"/>
		<Row>
			<Cell><Data ss:Type="String">cust_ID</Data></Cell>
			<Cell><Data ss:Type="String">Name</Data></Cell>
			<Cell><Data ss:Type="String">Sex</Data></Cell>
			<Cell><Data ss:Type="String">Open_date</Data></Cell>
			<Cell><Data ss:Type="String">Consult_dt</Data></Cell>
			<Cell><Data ss:Type="String">VAC_ID</Data></Cell>
			<Cell><Data ss:Type="String">Dr_Name</Data></Cell>
			<Cell><Data ss:Type="String">State</Data></Cell>
			<Cell><Data ss:Type="String">Country</Data></Cell>
			<Cell><Data ss:Type="String">DOB</Data></Cell>
			<Cell><Data ss:Type="String">Active</Data></Cell>
		</Row>

		<Row>
			<Cell><Data ss:Type="Number">1</Data></Cell>
			<Cell><Data ss:Type="String">Alex</Data></Cell>
			<Cell><Data ss:Type="String">M</Data></Cell>
			<Cell><Data ss:Type="String">2015-01-15</Data></Cell>
			<Cell><Data ss:Type="String">2015-01-21</Data></Cell>
			<Cell><Data ss:Type="String">MVX</Data></Cell>
			<Cell><Data ss:Type="String">Paul</Data></Cell>
			<Cell><Data ss:Type="String">SA</Data></Cell>
			<Cell><Data ss:Type="String">USA</Data></Cell>
			<Cell><Data ss:Type="String">1998-02-04</Data></Cell>
			<Cell><Data ss:Type="String">Yes</Data></Cell>
		</Row>
		<Row>
			<Cell><Data ss:Type="Number">2</Data></Cell>
			<Cell><Data ss:Type="String">John</Data></Cell>
			<Cell><Data ss:Type="String">M</Data></Cell>
			<Cell><Data ss:Type="String">2015-09-06</Data></Cell>
			<Cell><Data ss:Type="String">2015-09-11</Data></Cell>
			<Cell><Data ss:Type="String">MCV</Data></Cell>
			<Cell><Data ss:Type="String">Paul</Data></Cell>
			<Cell><Data ss:Type="String">CA</Data></Cell>
			<Cell><Data ss:Type="String">USA</Data></Cell>
			<Cell><Data ss:Type="String">1999-06-06</Data></Cell>
			<Cell><Data ss:Type="String">Yes</Data></Cell>
		</Row>
		<Row>
			<Cell><Data ss:Type="Number">3</Data></Cell>
			<Cell><Data ss:Type="String">Sumith</Data></Cell>
			<Cell><Data ss:Type="String">M</Data></Cell>
			<Cell><Data ss:Type="String">2016-11-23</Data></Cell>
			<Cell><Data ss:Type="String">2016-11-29</Data></Cell>
			<Cell><Data ss:Type="String">MVX</Data></Cell>
			<Cell><Data ss:Type="String">Reddy</Data></Cell>
			<Cell><Data ss:Type="String">KA</Data></Cell>
			<Cell><Data ss:Type="String">IND</Data></Cell>
			<Cell><Data ss:Type="String">1998-08-16</Data></Cell>
			<Cell><Data ss:Type="String">Yes</Data></Cell>
		</Row>
		<Row>
			<Cell><Data ss:Type="Number">4</Data></Cell>
			<Cell><Data ss:Type="String">Joma</Data></Cell>
			<Cell><Data ss:Type="String">M</Data></Cell>
			<Cell><Data ss:Type="String">2017-08-09</Data></Cell>
			<Cell><Data ss:Type="String">2017-08-15</Data></Cell>
			<Cell><Data ss:Type="String">MVX</Data></Cell>
			<Cell><Data ss:Type="String">Chuck</Data></Cell>
			<Cell><Data ss:Type="String">VIC</Data></Cell>
			<Cell><Data ss:Type="String">AU</Data></Cell>
			<Cell><Data ss:Type="String">1997-01-01</Data></Cell>
			<Cell><Data ss:Type="String">No</Data></Cell>
		</Row>
		<Row>
			<Cell><Data ss:Type="Number">5</Data></Cell>
			<Cell><Data ss:Type="String">Mathew</Data></Cell>
			<Cell><Data ss:Type="String">M</Data></Cell>
			<Cell><Data ss:Type="String">2014-12-17</Data></Cell>
			<Cell><Data ss:Type="String">2014-12-25</Data></Cell>
			<Cell><Data ss:Type="String">MCV</Data></Cell>
			<Cell><Data ss:Type="String">Bill</Data></Cell>
			<Cell><Data ss:Type="String">WAS</Data></Cell>
			<Cell><Data ss:Type="String">PHIL</Data></Cell>
			<Cell><Data ss:Type="String">1998-02-23</Data></Cell>
			<Cell><Data ss:Type="String">Yes</Data></Cell>
		</Row>
		<Row>
			<Cell><Data ss:Type="Number">6</Data></Cell>
			<Cell><Data ss:Type="String">Matt</Data></Cell>
			<Cell><Data ss:Type="String">M</Data></Cell>
			<Cell><Data ss:Type="String">2018-05-29</Data></Cell>
			<Cell><Data ss:Type="String">2018-06-04</Data></Cell>
			<Cell><Data ss:Type="String">MXV</Data></Cell>
			<Cell><Data ss:Type="String">Paul</Data></Cell>
			<Cell><Data ss:Type="String">NY</Data></Cell>
			<Cell><Data ss:Type="String">USA</Data></Cell>
			<Cell><Data ss:Type="String">2000-08-12</Data></Cell>
			<Cell><Data ss:Type="String">Yes</Data></Cell>
		</Row>
		<Row>
			<Cell><Data ss:Type="Number">7</Data></Cell>
			<Cell><Data ss:Type="String">Atherv</Data></Cell>
			<Cell><Data ss:Type="String">M</Data></Cell>
			<Cell><Data ss:Type="String">2019-06-06</Data></Cell>
			<Cell><Data ss:Type="String">2019-06-15</Data></Cell>
			<Cell><Data ss:Type="String">MXV</Data></Cell>
			<Cell><Data ss:Type="String">Reddy</Data></Cell>
			<Cell><Data ss:Type="String">MH</Data></Cell>
			<Cell><Data ss:Type="String">IND</Data></Cell>
			<Cell><Data ss:Type="String">2000-02-04</Data></Cell>
			<Cell><Data ss:Type="String">Yes</Data></Cell>
		</Row>
		<Row>
			<Cell><Data ss:Type="Number">8</Data></Cell>
			<Cell><Data ss:Type="String">Robin</Data></Cell>
			<Cell><Data ss:Type="String">M</Data></Cell>
			<Cell><Data ss:Type="String">2017-08-09</Data></Cell>
			<Cell><Data ss:Type="String">2017-08-17</Data></Cell>
			<Cell><Data ss:Type="String">MCV</Data></Cell>
			<Cell><Data ss:Type="String">Chuck</Data></Cell>
			<Cell><Data ss:Type="String">VIC</Data></Cell>
			<Cell><Data ss:Type="String">AU</Data></Cell>
			<Cell><Data ss:Type="String">1996-12-10</Data></Cell>
			<Cell><Data ss:Type="String">No</Data></Cell>
		</Row>
		<Row>
			<Cell><Data ss:Type="Number">9</Data></Cell>
			<Cell><Data ss:Type="String">Gaurav</Data></Cell>
			<Cell><Data ss:Type="String">M</Data></Cell>
			<Cell><Data ss:Type="String">2020-06-07</Data></Cell>
			<Cell><Data ss:Type="String">2020-06-14</Data></Cell>
			<Cell><Data ss:Type="String">MVX</Data></Cell>
			<Cell><Data ss:Type="String">Reddy</Data></Cell>
			<Cell><Data ss:Type="String">MH</Data></Cell>
			<Cell><Data ss:Type="String">IND</Data></Cell>
			<Cell><Data ss:Type="String">1999-10-13</Data></Cell>
			<Cell><Data ss:Type="String">Yes</Data></Cell>
		</Row>
		<Row>
			<Cell><Data ss:Type="Number">10</Data></Cell>
			<Cell><Data ss:Type="String">Jacob</Data></Cell>
			<Cell><Data ss:Type="String">M</Data></Cell>
			<Cell><Data ss:Type="String">2018-07-25</Data></Cell>
			<Cell><Data ss:Type="String">2018-07-30</Data></Cell>
			<Cell><Data ss:Type="String">MXV</Data></Cell>
			<Cell><Data ss:Type="String">Andrew</Data></Cell>
			<Cell><Data ss:Type="String">LI</Data></Cell>
			<Cell><Data ss:Type="String">UK</Data></Cell>
			<Cell><Data ss:Type="String">1999-07-07</Data></Cell>
			<Cell><Data ss:Type="String">No</Data></Cell>
		</Row>
		<Row>
			<Cell><Data ss:Type="Number">11</Data></Cell>
			<Cell><Data ss:Type="String">Marshal</Data></Cell>
			<Cell><Data ss:Type="String">M</Data></Cell>
			<Cell><Data ss:Type="String">0000-00-00</Data></Cell>
			<Cell><Data ss:Type="String">2020-03-05</Data></Cell>
			<Cell><Data ss:Type="String">MCX</Data></Cell>
			<Cell><Data ss:Type="String">Andrew</Data></Cell>
			<Cell><Data ss:Type="String">LI</Data></Cell>
			<Cell><Data ss:Type="String">UK</Data></Cell>
			<Cell><Data ss:Type="String">1998-08-14</Data></Cell>
			<Cell><Data ss:Type="String">Yes</Data></Cell>
		</Row>
		<Row>
			<Cell><Data ss:Type="Number">12</Data></Cell>
			<Cell><Data ss:Type="String">Sergio</Data></Cell>
			<Cell><Data ss:Type="String">M</Data></Cell>
			<Cell><Data ss:Type="String">2016-09-12</Data></Cell>
			<Cell><Data ss:Type="String">2016-09-18</Data></Cell>
			<Cell><Data ss:Type="String">MCV</Data></Cell>
			<Cell><Data ss:Type="String">Paul</Data></Cell>
			<Cell><Data ss:Type="String">TX</Data></Cell>
			<Cell><Data ss:Type="String">USA</Data></Cell>
			<Cell><Data ss:Type="String">1997-05-23</Data></Cell>
			<Cell><Data ss:Type="String">No</Data></Cell>
		</Row>
		<Row>
			<Cell><Data ss:Type="Number">13</Data></Cell>
			<Cell><Data ss:Type="String">Vikrant</Data></Cell>
			<Cell><Data ss:Type="String">M</Data></Cell>
			<Cell><Data ss:Type="String">2019-10-13</Data></Cell>
			<Cell><Data ss:Type="String">2019-10-20</Data></Cell>
			<Cell><Data ss:Type="String">MCX</Data></Cell>
			<Cell><Data ss:Type="String">Reddy</Data></Cell>
			<Cell><Data ss:Type="String">RA</Data></Cell>
			<Cell><Data ss:Type="String">IND</Data></Cell>
			<Cell><Data ss:Type="String">1999-10-23</Data></Cell>
			<Cell><Data ss:Type="String">Yes</Data></Cell>
		</Row>
		<Row>
			<Cell><Data ss:Type="Number">14</Data></Cell>
			<Cell><Data ss:Type="String">Jonathan</Data></Cell>
			<Cell><Data ss:Type="String">M</Data></Cell>
			<Cell><Data ss:Type="String">2014-11-30</Data></Cell>
			<Cell><Data ss:Type="String">2014-12-06</Data></Cell>
			<Cell><Data ss:Type="String">MXX</Data></Cell>
			<Cell><Data ss:Type="String">Paul</Data></Cell>
			<Cell><Data ss:Type="String">LA</Data></Cell>
			<Cell><Data ss:Type="String">USA</Data></Cell>
			<Cell><Data ss:Type="String">1999-10-09</Data></Cell>
			<Cell><Data ss:Type="String">Yes</Data></Cell>
		</Row>
		<Row>
			<Cell><Data ss:Type="Number">15</Data></Cell>
			<Cell><Data ss:Type="String">Mike</Data></Cell>
			<Cell><Data ss:Type="String">M</Data></Cell>
			<Cell><Data ss:Type="String">2019-05-05</Data></Cell>
			<Cell><Data ss:Type="String">2019-05-11</Data></Cell>
			<Cell><Data ss:Type="String">MCX</Data></Cell>
			<Cell><Data ss:Type="String">Chuck</Data></Cell>
			<Cell><Data ss:Type="String">VIC</Data></Cell>
			<Cell><Data ss:Type="String">AU</Data></Cell>
			<Cell><Data ss:Type="String">1999-06-12</Data></Cell>
			<Cell><Data ss:Type="String">Yes</Data></Cell>
		</Row>
		<Row>
			<Cell><Data ss:Type="Number">16</Data></Cell>
			<Cell><Data ss:Type="String">Olivia</Data></Cell>
			<Cell><Data ss:Type="String">F</Data></Cell>
			<Cell><Data ss:Type="String">2018-08-09</Data></Cell>
			<Cell><Data ss:Type="String">2018-08-16</Data></Cell>
			<Cell><Data ss:Type="String">MVV</Data></Cell>
			<Cell><Data ss:Type="String">Chuck</Data></Cell>
			<Cell><Data ss:Type="String">VIC</Data></Cell>
			<Cell><Data ss:Type="String">AU</Data></Cell>
			<Cell><Data ss:Type="String">1999-09-12</Data></Cell>
			<Cell><Data ss:Type="String">No</Data></Cell>
		</Row>
		<Row>
			<Cell><Data ss:Type="Number">17</Data></Cell>
			<Cell><Data ss:Type="String">Emma</Data></Cell>
			<Cell><Data ss:Type="String">F</Data></Cell>
			<Cell><Data ss:Type="String">2020-07-02</Data></Cell>
			<Cell><Data ss:Type="String">2020-07-10</Data></Cell>
			<Cell><Data ss:Type="String">MVV</Data></Cell>
			<Cell><Data ss:Type="String">Andrew</Data></Cell>
			<Cell><Data ss:Type="String">MAN</Data></Cell>
			<Cell><Data ss:Type="String">UK</Data></Cell>
			<Cell><Data ss:Type="String">2000-01-29</Data></Cell>
			<Cell><Data ss:Type="String">Yes</Data></Cell>
		</Row>
		<Row>
			<Cell><Data ss:Type="Number">18</Data></Cell>
			<Cell><Data ss:Type="String">Smith</Data></Cell>
			<Cell><Data ss:Type="String">M</Data></Cell>
			<Cell><Data ss:Type="String">2021-03-10</Data></Cell>
			<Cell><Data ss:Type="String">2021-03-19</Data></Cell>
			<Cell><Data ss:Type="String">MVV</Data></Cell>
			<Cell><Data ss:Type="String">Paul</Data></Cell>
			<Cell><Data ss:Type="String">LA</Data></Cell>
			<Cell><Data ss:Type="String">USA</Data></Cell>
			<Cell><Data ss:Type="String">1997-03-18</Data></Cell>
			<Cell><Data ss:Type="String">Yes</Data></Cell>
		</Row>
		<Row>
			<Cell><Data ss:Type="Number">19</Data></Cell>
			<Cell><Data ss:Type="String">Sakshi</Data></Cell>
			<Cell><Data ss:Type="String">F</Data></Cell>
			<Cell><Data ss:Type="String">2020-12-29</Data></Cell>
			<Cell><Data ss:Type="String">2021-01-05</Data></Cell>
			<Cell><Data ss:Type="String">MCV</Data></Cell>
			<Cell><Data ss:Type="String">Reddy</Data></Cell>
			<Cell><Data ss:Type="String">DL</Data></Cell>
			<Cell><Data ss:Type="String">IND</Data></Cell>
			<Cell><Data ss:Type="String">1999-08-27</Data></Cell>
			<Cell><Data ss:Type="String">No</Data></Cell>
		</Row>
		<Row>
			<Cell><Data ss:Type="Number">20</Data></Cell>
			<Cell><Data ss:Type="String">Sophia</Data></Cell>
			<Cell><Data ss:Type="String">F</Data></Cell>
			<Cell><Data ss:Type="String">2019-06-25</Data></Cell>
			<Cell><Data ss:Type="String">2019-06-20</Data></Cell>
			<Cell><Data ss:Type="String">MCX</Data></Cell>
			<Cell><Data ss:Type="String">Chuck</Data></Cell>
			<Cell><Data ss:Type="String">VIC</Data></Cell>
			<Cell><Data ss:Type="String">AU</Data></Cell>
			<Cell><Data ss:Type="String">1999-02-18</Data></Cell>
			<Cell><Data ss:Type="String">Yes</Data></Cell>
		</Row>	</Table>
</Worksheet>
</Workbook>
